FILENAME,SOURCE,LICENSE,AUTHOR
acer-pseudoplatanus-01,Landscape.Lab!,CC BY-NC-ND 4.0,Thomas Schauppenlehner
acer-pseudoplatanus-02,Landscape.Lab!,CC BY-NC-ND 4.0,Thomas Schauppenlehner
acer-pseudoplatanus-03,Landscape.Lab!,CC BY-NC-ND 4.0,Thomas Schauppenlehner
acer-pseudoplatanus-04,Landscape.Lab!,CC BY-NC-ND 4.0,Thomas Schauppenlehner
acer-pseudoplatanus-05,Landscape.Lab!,CC BY-NC-ND 4.0,Thomas Schauppenlehner
acer-pseudoplatanus-06,Landscape.Lab!,CC BY-NC-ND 4.0,Thomas Schauppenlehner
acer-pseudoplatanus-07,Landscape.Lab!,CC BY-NC-ND 4.0,Thomas Schauppenlehner
acer-pseudoplatanus-08,Landscape.Lab!,CC BY-NC-ND 4.0,Thomas Schauppenlehner
acer-09,Landscape.Lab!,CC BY-NC-ND 4.0,Thomas Schauppenlehner
acer-pseudoplatanus-10,Landscape.Lab!,CC BY-NC-ND 4.0,Thomas Schauppenlehner
acer-pseudoplatanus-11,Landscape.Lab!,CC BY-NC-ND 4.0,Thomas Schauppenlehner
acer-pseudoplatanus-12,Landscape.Lab!,CC BY-NC-ND 4.0,Thomas Schauppenlehner
acer-pseudoplatanus-13,Landscape.Lab!,CC BY-NC-ND 4.0,Thomas Schauppenlehner
acer-pseudoplatanus-14,Landscape.Lab!,CC BY-NC-ND 4.0,Thomas Schauppenlehner
acer-pseudoplatanus-15,Landscape.Lab!,CC BY-NC-ND 4.0,Thomas Schauppenlehner
acer-pseudoplatanus-16,Landscape.Lab!,CC BY-NC-ND 4.0,Thomas Schauppenlehner
acer-pseudoplatanus-17,Landscape.Lab!,CC BY-NC-ND 4.0,Thomas Schauppenlehner
acer-18,Landscape.Lab!,CC BY-NC-ND 4.0,Thomas Schauppenlehner
acer-19,Landscape.Lab!,CC BY-NC-ND 4.0,Thomas Schauppenlehner
acer-20,Landscape.Lab!,CC BY-NC-ND 4.0,Thomas Schauppenlehner
acer-21,Landscape.Lab!,CC BY-NC-ND 4.0,Thomas Schauppenlehner
acer-22,Landscape.Lab!,CC BY-NC-ND 4.0,Thomas Schauppenlehner
acer-23,Landscape.Lab!,CC BY-NC-ND 4.0,Thomas Schauppenlehner
acer-x24,https://kaiserbold.com/free-tree-png-cutouts/,Free for commercial,
acer-x25,https://www.deviantart.com/gd08/gallery/all,Credit and Link,gd08 - goffaux denis
acer-x26,https://www.deviantart.com/gd08/gallery/all,Credit and Link,gd08 - goffaux denis
acer-x27,https://www.deviantart.com/gd08/gallery/all,Credit and Link,gd08 - goffaux denis
acer-x28,https://www.deviantart.com/gd08/gallery/all,Credit and Link,gd08 - goffaux denis
acer-x29,https://www.deviantart.com/gd08/gallery/all,Credit and Link,gd08 - goffaux denis
acer-x30,https://www.deviantart.com/gd08/gallery/all,Credit and Link,gd08 - goffaux denis
acer-x31,https://www.deviantart.com/gd08/gallery/all,Credit and Link,gd08 - goffaux denis
acer-x32,https://www.deviantart.com/gd08/gallery/all,Credit and Link,gd08 - goffaux denis
acer-x33,https://www.deviantart.com/gd08/gallery/all,Credit and Link,gd08 - goffaux denis
acer-x34,https://www.deviantart.com/gd08/gallery/all,Credit and Link,gd08 - goffaux denis
acer-x35,https://www.deviantart.com/gd08/gallery/all,Credit and Link,gd08 - goffaux denis
acer-x36,https://www.deviantart.com/gd08/gallery/all,Credit and Link,gd08 - goffaux denis
acer-x37,https://freecutout.com/,Free to use (https://freecutout.com/terms/),freecutout.com
acer-x38,https://freecutout.com/,Free to use (https://freecutout.com/terms/),freecutout.com
fraxinus-excelsior-01,Landscape.Lab!,CC BY-NC-ND 4.0,Thomas Schauppenlehner
fraxinus-excelsior-02,Landscape.Lab!,CC BY-NC-ND 4.0,Thomas Schauppenlehner
fraxinus-excelsior-03,Landscape.Lab!,CC BY-NC-ND 4.0,Thomas Schauppenlehner
fraxinus-excelsior-04,Landscape.Lab!,CC BY-NC-ND 4.0,Thomas Schauppenlehner
fraxinus-excelsior-05,Landscape.Lab!,CC BY-NC-ND 4.0,Thomas Schauppenlehner
fraxinus-excelsior-06,Landscape.Lab!,CC BY-NC-ND 4.0,Thomas Schauppenlehner
fraxinus-excelsior-07,Landscape.Lab!,CC BY-NC-ND 4.0,Thomas Schauppenlehner
fraxinus-excelsior-09,Landscape.Lab!,CC BY-NC-ND 4.0,Thomas Schauppenlehner
fraxinus-excelsior-10,Landscape.Lab!,CC BY-NC-ND 4.0,Thomas Schauppenlehner
fraxinus-excelsior-11,Landscape.Lab!,CC BY-NC-ND 4.0,Thomas Schauppenlehner
fraxinus-excelsior-12,Landscape.Lab!,CC BY-NC-ND 4.0,Thomas Schauppenlehner
fraxinus-excelsior-13,Landscape.Lab!,CC BY-NC-ND 4.0,Thomas Schauppenlehner
fraxinus-excelsior-14,Landscape.Lab!,CC BY-NC-ND 4.0,Thomas Schauppenlehner
fraxinus-excelsior-15,Landscape.Lab!,CC BY-NC-ND 4.0,Thomas Schauppenlehner
fraxinus-excelsior-x16,https://www.deviantart.com/gd08/gallery/all,Credit and Link,gd08 - goffaux denis
fraxinus-excelsior-x17,https://www.deviantart.com/gd08/gallery/all,Credit and Link,gd08 - goffaux denis
fraxinus-excelsior-x18,https://www.deviantart.com/gd08/gallery/all,Credit and Link,gd08 - goffaux denis
fraxinus-excelsior-x19,https://www.deviantart.com/gd08/gallery/all,Credit and Link,gd08 - goffaux denis
fraxinus-excelsior-x20,https://www.deviantart.com/gd08/gallery/all,Credit and Link,gd08 - goffaux denis
fraxinus-excelsior-x21,https://www.deviantart.com/gd08/gallery/all,Credit and Link,gd08 - goffaux denis
fraxinus-excelsior-x22,https://www.deviantart.com/gd08/gallery/all,Credit and Link,gd08 - goffaux denis
fraxinus-excelsior-x23,https://pngimg.com/,Creative Commons 4.0 BY-NC ,pngimg.com
fraxinus-excelsior-x24,https://pngimg.com/,Creative Commons 4.0 BY-NC ,pngimg.com
juglans-regia-01,Landscape.Lab!,CC BY-NC-ND 4.0,Thomas Schauppenlehner
juglans-regia-02,Landscape.Lab!,CC BY-NC-ND 4.0,Thomas Schauppenlehner
juglans-regia-03,Landscape.Lab!,CC BY-NC-ND 4.0,Thomas Schauppenlehner
juglans-regia-x04,https://freecutout.com/,Free to use (https://freecutout.com/terms/),freecutout.com
larix-decidua-01,Landscape.Lab!,CC BY-NC-ND 4.0,Thomas Schauppenlehner
larix-decidua-02,Landscape.Lab!,CC BY-NC-ND 4.0,Thomas Schauppenlehner
larix-decidua-03,Landscape.Lab!,CC BY-NC-ND 4.0,Thomas Schauppenlehner
larix-decidua-04,Landscape.Lab!,CC BY-NC-ND 4.0,Thomas Schauppenlehner
larix-decidua-05,Landscape.Lab!,CC BY-NC-ND 4.0,Thomas Schauppenlehner
larix-decidua-06,Landscape.Lab!,CC BY-NC-ND 4.0,Thomas Schauppenlehner
larix-decidua-07,Landscape.Lab!,CC BY-NC-ND 4.0,Thomas Schauppenlehner
larix-decidua-08,Landscape.Lab!,CC BY-NC-ND 4.0,Thomas Schauppenlehner
larix-decidua-09,Landscape.Lab!,CC BY-NC-ND 4.0,Thomas Schauppenlehner
larix-decidua-10,Landscape.Lab!,CC BY-NC-ND 4.0,Thomas Schauppenlehner
larix-decidua-11,Landscape.Lab!,CC BY-NC-ND 4.0,Thomas Schauppenlehner
larix-decidua-12,Landscape.Lab!,CC BY-NC-ND 4.0,Thomas Schauppenlehner
larix-decidua-13,Landscape.Lab!,CC BY-NC-ND 4.0,Thomas Schauppenlehner
larix-decidua-14,Landscape.Lab!,CC BY-NC-ND 4.0,Thomas Schauppenlehner
larix-decidua-15,Landscape.Lab!,CC BY-NC-ND 4.0,Thomas Schauppenlehner
larix-decidua-16,Landscape.Lab!,CC BY-NC-ND 4.0,Thomas Schauppenlehner
larix-decidua-17,Landscape.Lab!,CC BY-NC-ND 4.0,Thomas Schauppenlehner
larix-decidua-18,Landscape.Lab!,CC BY-NC-ND 4.0,Thomas Schauppenlehner
larix-decidua-19,Landscape.Lab!,CC BY-NC-ND 4.0,Thomas Schauppenlehner
larix-decidua-20,Landscape.Lab!,CC BY-NC-ND 4.0,Thomas Schauppenlehner
larix-decidua-21,Landscape.Lab!,CC BY-NC-ND 4.0,Thomas Schauppenlehner
larix-decidua-22,Landscape.Lab!,CC BY-NC-ND 4.0,Thomas Schauppenlehner
larix-decidua-23,Landscape.Lab!,CC BY-NC-ND 4.0,Thomas Schauppenlehner
larix-decidua-24,Landscape.Lab!,CC BY-NC-ND 4.0,Thomas Schauppenlehner
larix-decidua-25,Landscape.Lab!,CC BY-NC-ND 4.0,Thomas Schauppenlehner
larix-decidua-26,Landscape.Lab!,CC BY-NC-ND 4.0,Thomas Schauppenlehner
picea-abies-01,Landscape.Lab!,CC BY-NC-ND 4.0,Thomas Schauppenlehner
picea-abies-02,Landscape.Lab!,CC BY-NC-ND 4.0,Thomas Schauppenlehner
picea-abies-03,Landscape.Lab!,CC BY-NC-ND 4.0,Thomas Schauppenlehner
picea-abies-04,Landscape.Lab!,CC BY-NC-ND 4.0,Thomas Schauppenlehner
picea-abies-05,Landscape.Lab!,CC BY-NC-ND 4.0,Thomas Schauppenlehner
picea-abies-06,Landscape.Lab!,CC BY-NC-ND 4.0,Thomas Schauppenlehner
picea-abies-07,Landscape.Lab!,CC BY-NC-ND 4.0,Thomas Schauppenlehner
picea-abies-08,Landscape.Lab!,CC BY-NC-ND 4.0,Thomas Schauppenlehner
picea-abies-09,Landscape.Lab!,CC BY-NC-ND 4.0,Thomas Schauppenlehner
picea-abies-10,Landscape.Lab!,CC BY-NC-ND 4.0,Thomas Schauppenlehner
picea-abies-11,Landscape.Lab!,CC BY-NC-ND 4.0,Thomas Schauppenlehner
picea-abies-12,Landscape.Lab!,CC BY-NC-ND 4.0,Thomas Schauppenlehner
picea-abies-13,Landscape.Lab!,CC BY-NC-ND 4.0,Thomas Schauppenlehner
picea-abies-14,Landscape.Lab!,CC BY-NC-ND 4.0,Thomas Schauppenlehner
picea-abies-15,Landscape.Lab!,CC BY-NC-ND 4.0,Thomas Schauppenlehner
picea-abies-16,Landscape.Lab!,CC BY-NC-ND 4.0,Thomas Schauppenlehner
picea-abies-17,Landscape.Lab!,CC BY-NC-ND 4.0,Thomas Schauppenlehner
picea-abies-18,Landscape.Lab!,CC BY-NC-ND 4.0,Thomas Schauppenlehner
picea-abies-19,Landscape.Lab!,CC BY-NC-ND 4.0,Thomas Schauppenlehner
picea-abies-20,Landscape.Lab!,CC BY-NC-ND 4.0,Thomas Schauppenlehner
picea-abies-21,Landscape.Lab!,CC BY-NC-ND 4.0,Thomas Schauppenlehner
picea-abies-22,Landscape.Lab!,CC BY-NC-ND 4.0,Thomas Schauppenlehner
picea-abies-23,Landscape.Lab!,CC BY-NC-ND 4.0,Thomas Schauppenlehner
picea-abies-24,Landscape.Lab!,CC BY-NC-ND 4.0,Thomas Schauppenlehner
picea-abies-25,Landscape.Lab!,CC BY-NC-ND 4.0,Thomas Schauppenlehner
picea-abies-26,Landscape.Lab!,CC BY-NC-ND 4.0,Thomas Schauppenlehner
picea-abies-27,Landscape.Lab!,CC BY-NC-ND 4.0,Thomas Schauppenlehner
picea-abies-28,Landscape.Lab!,CC BY-NC-ND 4.0,Thomas Schauppenlehner
picea-abies-29,Landscape.Lab!,CC BY-NC-ND 4.0,Thomas Schauppenlehner
picea-abies-30,Landscape.Lab!,CC BY-NC-ND 4.0,Thomas Schauppenlehner
picea-abies-31,Landscape.Lab!,CC BY-NC-ND 4.0,Thomas Schauppenlehner
picea-abies-32,Landscape.Lab!,CC BY-NC-ND 4.0,Thomas Schauppenlehner
picea-abies-33,Landscape.Lab!,CC BY-NC-ND 4.0,Thomas Schauppenlehner
picea-abies-34,Landscape.Lab!,CC BY-NC-ND 4.0,Thomas Schauppenlehner
picea-abies-35,Landscape.Lab!,CC BY-NC-ND 4.0,Thomas Schauppenlehner
picea-abies-36,Landscape.Lab!,CC BY-NC-ND 4.0,Thomas Schauppenlehner
picea-abies-37,Landscape.Lab!,CC BY-NC-ND 4.0,Thomas Schauppenlehner
picea-abies-38,Landscape.Lab!,CC BY-NC-ND 4.0,Thomas Schauppenlehner
picea-abies-39,Landscape.Lab!,CC BY-NC-ND 4.0,Thomas Schauppenlehner
picea-abies-x40,https://www.deviantart.com,Credit and Link,manichysteriastock
picea-abies-x41,https://www.deviantart.com,Credit and Link,moonglowlilly
picea-abies-x42,https://pngimg.com/,Creative Commons 4.0 BY-NC ,pngimg.com
picea-abies-x43,https://pngimg.com/,Creative Commons 4.0 BY-NC ,pngimg.com
pinus-nigra-01,Landscape.Lab!,CC BY-NC-ND 4.0,Thomas Schauppenlehner
pinus-nigra-02,Landscape.Lab!,CC BY-NC-ND 4.0,Thomas Schauppenlehner
pinus-nigra-03,Landscape.Lab!,CC BY-NC-ND 4.0,Thomas Schauppenlehner
pinus-nigra-04,Landscape.Lab!,CC BY-NC-ND 4.0,Thomas Schauppenlehner
pinus-nigra-05,Landscape.Lab!,CC BY-NC-ND 4.0,Thomas Schauppenlehner
pinus-nigra-06,Landscape.Lab!,CC BY-NC-ND 4.0,Thomas Schauppenlehner
pinus-nigra-07,Landscape.Lab!,CC BY-NC-ND 4.0,Thomas Schauppenlehner
pinus-nigra-08,Landscape.Lab!,CC BY-NC-ND 4.0,Thomas Schauppenlehner
pinus-nigra-09,Landscape.Lab!,CC BY-NC-ND 4.0,Thomas Schauppenlehner
pinus-nigra-10,Landscape.Lab!,CC BY-NC-ND 4.0,Thomas Schauppenlehner
pinus-x11,https://www.deviantart.com,Credit and Link,manichysteriastock
pinus-x12,https://www.deviantart.com,Credit and Link,manichysteriastock
pinus-x13,https://www.deviantart.com/gd08/gallery/all,Credit and Link,gd08 - goffaux denis
prunus-01,Landscape.Lab!,CC BY-NC-ND 4.0,Thomas Schauppenlehner
prunus-02,Landscape.Lab!,CC BY-NC-ND 4.0,Thomas Schauppenlehner
prunus-03,Landscape.Lab!,CC BY-NC-ND 4.0,Thomas Schauppenlehner
prunus-04,Landscape.Lab!,CC BY-NC-ND 4.0,Thomas Schauppenlehner
prunus-05,Landscape.Lab!,CC BY-NC-ND 4.0,Thomas Schauppenlehner
prunus-06,Landscape.Lab!,CC BY-NC-ND 4.0,Thomas Schauppenlehner
prunus-07,Landscape.Lab!,CC BY-NC-ND 4.0,Thomas Schauppenlehner
prunus-08,Landscape.Lab!,CC BY-NC-ND 4.0,Thomas Schauppenlehner
prunus-09,Landscape.Lab!,CC BY-NC-ND 4.0,Thomas Schauppenlehner
prunus-10,Landscape.Lab!,CC BY-NC-ND 4.0,Thomas Schauppenlehner
prunus-11,Landscape.Lab!,CC BY-NC-ND 4.0,Thomas Schauppenlehner
prunus-12,Landscape.Lab!,CC BY-NC-ND 4.0,Thomas Schauppenlehner
prunus-13,Landscape.Lab!,CC BY-NC-ND 4.0,Thomas Schauppenlehner
prunus-14,Landscape.Lab!,CC BY-NC-ND 4.0,Thomas Schauppenlehner
prunus-15,Landscape.Lab!,CC BY-NC-ND 4.0,Thomas Schauppenlehner
prunus-16,Landscape.Lab!,CC BY-NC-ND 4.0,Thomas Schauppenlehner
prunus-17,Landscape.Lab!,CC BY-NC-ND 4.0,Thomas Schauppenlehner
prunus-18,Landscape.Lab!,CC BY-NC-ND 4.0,Thomas Schauppenlehner
prunus-19,Landscape.Lab!,CC BY-NC-ND 4.0,Thomas Schauppenlehner
prunus-20,Landscape.Lab!,CC BY-NC-ND 4.0,Thomas Schauppenlehner
prunus-21,Landscape.Lab!,CC BY-NC-ND 4.0,Thomas Schauppenlehner
prunus-22,Landscape.Lab!,CC BY-NC-ND 4.0,Thomas Schauppenlehner
prunus-23,Landscape.Lab!,CC BY-NC-ND 4.0,Thomas Schauppenlehner
prunus-24,Landscape.Lab!,CC BY-NC-ND 4.0,Thomas Schauppenlehner
prunus-x25,https://freecutout.com/,Free to use (https://freecutout.com/terms/),freecutout.com
prunus-x26,https://www.deviantart.com,Credit and Link,simfonic
prunus-x27,https://kaiserbold.com/free-tree-png-cutouts/,Free for commercial,
prunus-x28,https://pngimg.com/,Creative Commons 4.0 BY-NC ,pngimg.com
prunus-laurocerasus-x01,https://pngimg.com/,Creative Commons 4.0 BY-NC ,pngimg.com
prunus-laurocerasus-x02,https://pngimg.com/,Creative Commons 4.0 BY-NC ,pngimg.com
prunus-laurocerasus-x03,https://pngimg.com/,Creative Commons 4.0 BY-NC ,pngimg.com
pyrus-01,Landscape.Lab!,CC BY-NC-ND 4.0,Thomas Schauppenlehner
pyrus-02,Landscape.Lab!,CC BY-NC-ND 4.0,Thomas Schauppenlehner
pyrus-03,Landscape.Lab!,CC BY-NC-ND 4.0,Thomas Schauppenlehner
pyrus-04,Landscape.Lab!,CC BY-NC-ND 4.0,Thomas Schauppenlehner
pyrus-05,Landscape.Lab!,CC BY-NC-ND 4.0,Thomas Schauppenlehner
pyrus-06,Landscape.Lab!,CC BY-NC-ND 4.0,Thomas Schauppenlehner
pyrus-07,Landscape.Lab!,CC BY-NC-ND 4.0,Thomas Schauppenlehner
pyrus-08,Landscape.Lab!,CC BY-NC-ND 4.0,Thomas Schauppenlehner
pyrus-09,Landscape.Lab!,CC BY-NC-ND 4.0,Thomas Schauppenlehner
pyrus-10,Landscape.Lab!,CC BY-NC-ND 4.0,Thomas Schauppenlehner
malus-01,Landscape.Lab!,CC BY-NC-ND 4.0,Thomas Schauppenlehner
malus-02,Landscape.Lab!,CC BY-NC-ND 4.0,Thomas Schauppenlehner
malus-03,Landscape.Lab!,CC BY-NC-ND 4.0,Thomas Schauppenlehner
malus-04,Landscape.Lab!,CC BY-NC-ND 4.0,Thomas Schauppenlehner
malus-05,Landscape.Lab!,CC BY-NC-ND 4.0,Thomas Schauppenlehner
malus-06,Landscape.Lab!,CC BY-NC-ND 4.0,Thomas Schauppenlehner
malus-07,Landscape.Lab!,CC BY-NC-ND 4.0,Thomas Schauppenlehner
malus-08,Landscape.Lab!,CC BY-NC-ND 4.0,Thomas Schauppenlehner
malus-09,Landscape.Lab!,CC BY-NC-ND 4.0,Thomas Schauppenlehner
malus-10,Landscape.Lab!,CC BY-NC-ND 4.0,Thomas Schauppenlehner
betula-01,Landscape.Lab!,CC BY-NC-ND 4.0,Thomas Schauppenlehner
betula-02,Landscape.Lab!,CC BY-NC-ND 4.0,Thomas Schauppenlehner
betula-03,Landscape.Lab!,CC BY-NC-ND 4.0,Thomas Schauppenlehner
betula-x04,https://freecutout.com/,Free to use (https://freecutout.com/terms/),freecutout.com
betula-x05,https://freecutout.com/,Free to use (https://freecutout.com/terms/),freecutout.com
betula-x06,https://freecutout.com/,Free to use (https://freecutout.com/terms/),freecutout.com
betula-x07,https://freecutout.com/,Free to use (https://freecutout.com/terms/),freecutout.com
betula-x08,https://freecutout.com/,Free to use (https://freecutout.com/terms/),freecutout.com
betula-x09,https://freecutout.com/,Free to use (https://freecutout.com/terms/),freecutout.com
betula-x10,https://freecutout.com/,Free to use (https://freecutout.com/terms/),freecutout.com
ulmus-01,Landscape.Lab!,CC BY-NC-ND 4.0,Thomas Schauppenlehner
ulmus-02,Landscape.Lab!,CC BY-NC-ND 4.0,Thomas Schauppenlehner
ulmus-x03,https://freecutout.com/,Free to use (https://freecutout.com/terms/),freecutout.com
carpinus-betulus-x01,https://freecutout.com/,Free to use (https://freecutout.com/terms/),freecutout.com
carpinus-betulus-x02,https://freecutout.com/,Free to use (https://freecutout.com/terms/),freecutout.com
carpinus-betulus-x03,https://freecutout.com/,Free to use (https://freecutout.com/terms/),freecutout.com
carpinus-betulus-x04,https://freecutout.com/,Free to use (https://freecutout.com/terms/),freecutout.com
carpinus-betulus-x05,https://freecutout.com/,Free to use (https://freecutout.com/terms/),freecutout.com
carpinus-betulus-x06,https://freecutout.com/,Free to use (https://freecutout.com/terms/),freecutout.com
fagus-sylvatica-01,Landscape.Lab!,CC BY-NC-ND 4.0,Thomas Schauppenlehner
fagus-sylvatica-02,Landscape.Lab!,CC BY-NC-ND 4.0,Thomas Schauppenlehner
fagus-sylvatica-03,Landscape.Lab!,CC BY-NC-ND 4.0,Thomas Schauppenlehner
fagus-sylvatica-04,Landscape.Lab!,CC BY-NC-ND 4.0,Thomas Schauppenlehner
fagus-sylvatica-05,Landscape.Lab!,CC BY-NC-ND 4.0,Thomas Schauppenlehner
fagus-sylvatica-06,Landscape.Lab!,CC BY-NC-ND 4.0,Thomas Schauppenlehner
fagus-sylvatica-07,Landscape.Lab!,CC BY-NC-ND 4.0,Thomas Schauppenlehner
fagus-sylvatica-08,Landscape.Lab!,CC BY-NC-ND 4.0,Thomas Schauppenlehner
fagus-sylvatica-09,Landscape.Lab!,CC BY-NC-ND 4.0,Thomas Schauppenlehner
fagus-sylvatica-10,Landscape.Lab!,CC BY-NC-ND 4.0,Thomas Schauppenlehner
fagus-sylvatica-11,Landscape.Lab!,CC BY-NC-ND 4.0,Thomas Schauppenlehner
fagus-sylvatica-12,Landscape.Lab!,CC BY-NC-ND 4.0,Thomas Schauppenlehner
fagus-sylvatica-x13,https://www.deviantart.com,Credit and Link,tigers stock
fagus-sylvatica-x14,https://freecutout.com/,Free to use (https://freecutout.com/terms/),freecutout.com
fagus-sylvatica-x15,https://kaiserbold.com/free-tree-png-cutouts/,Free for commercial,
aesculus-hippocastanum-01,Landscape.Lab!,CC BY-NC-ND 4.0,Thomas Schauppenlehner
aesculus-hippocastanum-02,Landscape.Lab!,CC BY-NC-ND 4.0,Thomas Schauppenlehner
aesculus-hippocastanum-03,Landscape.Lab!,CC BY-NC-ND 4.0,Thomas Schauppenlehner
aesculus-hippocastanum-04,Landscape.Lab!,CC BY-NC-ND 4.0,Thomas Schauppenlehner
aesculus-hippocastanum-05,Landscape.Lab!,CC BY-NC-ND 4.0,Thomas Schauppenlehner
aesculus-hippocastanum-x06,https://freecutout.com/,Free to use (https://freecutout.com/terms/),freecutout.com
aesculus-hippocastanum-x07,https://kaiserbold.com/free-tree-png-cutouts/,Free for commercial,
aesculus-hippocastanum-x08,https://www.deviantart.com/gd08/gallery/all,Credit and Link,gd08 - goffaux denis
sorbus-01,Landscape.Lab!,CC BY-NC-ND 4.0,Thomas Schauppenlehner
sorbus-02,Landscape.Lab!,CC BY-NC-ND 4.0,Thomas Schauppenlehner
sorbus-03,Landscape.Lab!,CC BY-NC-ND 4.0,Thomas Schauppenlehner
sorbus-04,Landscape.Lab!,CC BY-NC-ND 4.0,Thomas Schauppenlehner
sorbus-05,Landscape.Lab!,CC BY-NC-ND 4.0,Thomas Schauppenlehner
sorbus-06,Landscape.Lab!,CC BY-NC-ND 4.0,Thomas Schauppenlehner
quercus-01,Landscape.Lab!,CC BY-NC-ND 4.0,Thomas Schauppenlehner
quercus-02,Landscape.Lab!,CC BY-NC-ND 4.0,Thomas Schauppenlehner
quercus-03,Landscape.Lab!,CC BY-NC-ND 4.0,Thomas Schauppenlehner
quercus-04,Landscape.Lab!,CC BY-NC-ND 4.0,Thomas Schauppenlehner
quercus-05,Landscape.Lab!,CC BY-NC-ND 4.0,Thomas Schauppenlehner
quercus-06,Landscape.Lab!,CC BY-NC-ND 4.0,Thomas Schauppenlehner
quercus-07,Landscape.Lab!,CC BY-NC-ND 4.0,Thomas Schauppenlehner
quercus-08,Landscape.Lab!,CC BY-NC-ND 4.0,Thomas Schauppenlehner
quercus-09,Landscape.Lab!,CC BY-NC-ND 4.0,Thomas Schauppenlehner
quercus-x10,https://pngimg.com/,Creative Commons 4.0 BY-NC ,pngimg.com
quercus-x11,https://www.deviantart.com/gd08/gallery/all,Credit and Link,gd08 - goffaux denis
quercus-x12,https://freecutout.com/,Free to use (https://freecutout.com/terms/),freecutout.com
quercus-x13,https://freecutout.com/,Free to use (https://freecutout.com/terms/),freecutout.com
quercus-x14,https://freecutout.com/,Free to use (https://freecutout.com/terms/),freecutout.com
quercus-x15,https://freecutout.com/,Free to use (https://freecutout.com/terms/),freecutout.com
quercus-x16,https://freecutout.com/,Free to use (https://freecutout.com/terms/),freecutout.com
quercus-x17,https://freecutout.com/,Free to use (https://freecutout.com/terms/),freecutout.com
quercus-x18,https://freecutout.com/,Free to use (https://freecutout.com/terms/),freecutout.com
quercus-x19,https://freecutout.com/,Free to use (https://freecutout.com/terms/),freecutout.com
quercus-x20,https://freecutout.com/,Free to use (https://freecutout.com/terms/),freecutout.com
quercus-x21,https://www.deviantart.com/gd08/gallery/all,Credit and Link,gd08 - goffaux denis
quercus-x22,https://freecutout.com/,Free to use (https://freecutout.com/terms/),freecutout.com
quercus-x23,https://freecutout.com/,Free to use (https://freecutout.com/terms/),freecutout.com
quercus-x24,https://freecutout.com/,Free to use (https://freecutout.com/terms/),freecutout.com
syringa-x01,https://www.deviantart.com/gd08/gallery/all,Credit and Link,gd08 - goffaux denis
paulownia-tomentosa-01,Landscape.Lab!,CC BY-NC-ND 4.0,Thomas Schauppenlehner
tilia-01,Landscape.Lab!,CC BY-NC-ND 4.0,Thomas Schauppenlehner
tilia-02,Landscape.Lab!,CC BY-NC-ND 4.0,Thomas Schauppenlehner
tilia-03,Landscape.Lab!,CC BY-NC-ND 4.0,Thomas Schauppenlehner
tilia-04,Landscape.Lab!,CC BY-NC-ND 4.0,Thomas Schauppenlehner
tilia-05,Landscape.Lab!,CC BY-NC-ND 4.0,Thomas Schauppenlehner
tilia-06,Landscape.Lab!,CC BY-NC-ND 4.0,Thomas Schauppenlehner
tilia-07,Landscape.Lab!,CC BY-NC-ND 4.0,Thomas Schauppenlehner
tilia-08,Landscape.Lab!,CC BY-NC-ND 4.0,Thomas Schauppenlehner
tilia-x09,https://freecutout.com/,Free to use (https://freecutout.com/terms/),freecutout.com
tilia-x10,https://freecutout.com/,Free to use (https://freecutout.com/terms/),freecutout.com
tilia-x11,https://freecutout.com/,Free to use (https://freecutout.com/terms/),freecutout.com
tilia-x12,https://freecutout.com/,Free to use (https://freecutout.com/terms/),freecutout.com
tilia-x13,https://freecutout.com/,Free to use (https://freecutout.com/terms/),freecutout.com
tilia-x14,https://freecutout.com/,Free to use (https://freecutout.com/terms/),freecutout.com
tilia-x15,https://freecutout.com/,Free to use (https://freecutout.com/terms/),freecutout.com
tilia-x16,https://freecutout.com/,Free to use (https://freecutout.com/terms/),freecutout.com
tilia-x17,https://freecutout.com/,Free to use (https://freecutout.com/terms/),freecutout.com
tilia-x18,https://freecutout.com/,Free to use (https://freecutout.com/terms/),freecutout.com
tilia-x19,https://freecutout.com/,Free to use (https://freecutout.com/terms/),freecutout.com
tilia-x20,https://freecutout.com/,Free to use (https://freecutout.com/terms/),freecutout.com
tilia-x21,https://freecutout.com/,Free to use (https://freecutout.com/terms/),freecutout.com
salix-01,Landscape.Lab!,CC BY-NC-ND 4.0,Thomas Schauppenlehner
salix-02,Landscape.Lab!,CC BY-NC-ND 4.0,Thomas Schauppenlehner
salix-03,Landscape.Lab!,CC BY-NC-ND 4.0,Thomas Schauppenlehner
salix-04,Landscape.Lab!,CC BY-NC-ND 4.0,Thomas Schauppenlehner
salix-05,Landscape.Lab!,CC BY-NC-ND 4.0,Thomas Schauppenlehner
salix-06,Landscape.Lab!,CC BY-NC-ND 4.0,Thomas Schauppenlehner
salix-x07,https://freecutout.com/,Free to use (https://freecutout.com/terms/),freecutout.com
salix-x08,https://freecutout.com/,Free to use (https://freecutout.com/terms/),freecutout.com
salix-x09,https://freecutout.com/,Free to use (https://freecutout.com/terms/),freecutout.com
salix-x10,https://freecutout.com/,Free to use (https://freecutout.com/terms/),freecutout.com
salix-x11,https://pngimg.com/,Creative Commons 4.0 BY-NC ,pngimg.com
populus-01,Landscape.Lab!,CC BY-NC-ND 4.0,Thomas Schauppenlehner
populus-02,Landscape.Lab!,CC BY-NC-ND 4.0,Thomas Schauppenlehner
populus-03,Landscape.Lab!,CC BY-NC-ND 4.0,Thomas Schauppenlehner
populus-04,Landscape.Lab!,CC BY-NC-ND 4.0,Thomas Schauppenlehner
populus-05,Landscape.Lab!,CC BY-NC-ND 4.0,Thomas Schauppenlehner
populus-06,Landscape.Lab!,CC BY-NC-ND 4.0,Thomas Schauppenlehner
populus-07,Landscape.Lab!,CC BY-NC-ND 4.0,Thomas Schauppenlehner
populus-08,Landscape.Lab!,CC BY-NC-ND 4.0,Thomas Schauppenlehner
populus-09,Landscape.Lab!,CC BY-NC-ND 4.0,Thomas Schauppenlehner
populus-10,Landscape.Lab!,CC BY-NC-ND 4.0,Thomas Schauppenlehner
populus-11,Landscape.Lab!,CC BY-NC-ND 4.0,Thomas Schauppenlehner
populus-12,Landscape.Lab!,CC BY-NC-ND 4.0,Thomas Schauppenlehner
populus-13,Landscape.Lab!,CC BY-NC-ND 4.0,Thomas Schauppenlehner
populus-14,Landscape.Lab!,CC BY-NC-ND 4.0,Thomas Schauppenlehner
populus-15,Landscape.Lab!,CC BY-NC-ND 4.0,Thomas Schauppenlehner
populus-16,Landscape.Lab!,CC BY-NC-ND 4.0,Thomas Schauppenlehner
populus-x17,https://freecutout.com/,Free to use (https://freecutout.com/terms/),freecutout.com
populus-x18,https://pngimg.com/,Creative Commons 4.0 BY-NC ,pngimg.com
populus-x19,https://freecutout.com/,Free to use (https://freecutout.com/terms/),freecutout.com
robinia-pseudoacacia-01,Landscape.Lab!,CC BY-NC-ND 4.0,Thomas Schauppenlehner
robinia-pseudoacacia-02,Landscape.Lab!,CC BY-NC-ND 4.0,Thomas Schauppenlehner
robinia-pseudoacacia-03,Landscape.Lab!,CC BY-NC-ND 4.0,Thomas Schauppenlehner
ailanthus-altissima-01,Landscape.Lab!,CC BY-NC-ND 4.0,Thomas Schauppenlehner
ailanthus-altissima-02,Landscape.Lab!,CC BY-NC-ND 4.0,Thomas Schauppenlehner
ailanthus-altissima-03,Landscape.Lab!,CC BY-NC-ND 4.0,Thomas Schauppenlehner
ailanthus-altissima-04,Landscape.Lab!,CC BY-NC-ND 4.0,Thomas Schauppenlehner
ailanthus-altissima-05,Landscape.Lab!,CC BY-NC-ND 4.0,Thomas Schauppenlehner
tree-x01,https://freecutout.com/,Free to use (https://freecutout.com/terms/),freecutout.com
tree-x02,https://freecutout.com/,Free to use (https://freecutout.com/terms/),freecutout.com
tree-x03,https://freecutout.com/,Free to use (https://freecutout.com/terms/),freecutout.com
tree-x04,https://freecutout.com/,Free to use (https://freecutout.com/terms/),freecutout.com
tree-x05,https://freecutout.com/,Free to use (https://freecutout.com/terms/),freecutout.com
tree-x08,https://freecutout.com/,Free to use (https://freecutout.com/terms/),freecutout.com
crategus-monogyna-01,Landscape.Lab!,CC BY-NC-ND 4.0,Thomas Schauppenlehner
corylus-avellana-01,Landscape.Lab!,CC BY-NC-ND 4.0,Thomas Schauppenlehner
gr-cornus-sanquinea-01,Landscape.Lab!,CC BY-NC-ND 4.0,Thomas Schauppenlehner
cornus-sanquinea-02,Landscape.Lab!,CC BY-NC-ND 4.0,Thomas Schauppenlehner
cornus-sanquinea-03,Landscape.Lab!,CC BY-NC-ND 4.0,Thomas Schauppenlehner
viburnum-x01,https://pngimg.com/,Creative Commons 4.0 BY-NC ,pngimg.com
viburnum-x02,https://pngimg.com/,Creative Commons 4.0 BY-NC ,pngimg.com
ilex-aquifolium-x01,https://pngimg.com/,Creative Commons 4.0 BY-NC ,pngimg.com
hydrangea-x01,https://pngimg.com/,Creative Commons 4.0 BY-NC ,pngimg.com
thuja-x01,https://www.deviantart.com/gd08/gallery/all,Credit and Link,gd08 - goffaux denis
gr-phragmites-01,Landscape.Lab!,CC BY-NC-ND 4.0,Thomas Schauppenlehner
gr-phragmites-02,Landscape.Lab!,CC BY-NC-ND 4.0,Thomas Schauppenlehner
gr-phragmites-03,Landscape.Lab!,CC BY-NC-ND 4.0,Thomas Schauppenlehner
phragmites-04,Landscape.Lab!,CC BY-NC-ND 4.0,Thomas Schauppenlehner
phragmites-05,Landscape.Lab!,CC BY-NC-ND 4.0,Thomas Schauppenlehner
phragmites-06,Landscape.Lab!,CC BY-NC-ND 4.0,Thomas Schauppenlehner
phragmites-07,Landscape.Lab!,CC BY-NC-ND 4.0,Thomas Schauppenlehner
phragmites-08,Landscape.Lab!,CC BY-NC-ND 4.0,Thomas Schauppenlehner
phragmites-09,Landscape.Lab!,CC BY-NC-ND 4.0,Thomas Schauppenlehner
phragmites-10,Landscape.Lab!,CC BY-NC-ND 4.0,Thomas Schauppenlehner
phragmites-11,Landscape.Lab!,CC BY-NC-ND 4.0,Thomas Schauppenlehner
sambucus-nigra-01,Landscape.Lab!,CC BY-NC-ND 4.0,Thomas Schauppenlehner
sambucus-nigra-02,Landscape.Lab!,CC BY-NC-ND 4.0,Thomas Schauppenlehner
sambucus-nigra-03,Landscape.Lab!,CC BY-NC-ND 4.0,Thomas Schauppenlehner
sambucus-nigra-04,Landscape.Lab!,CC BY-NC-ND 4.0,Thomas Schauppenlehner
gr-shrub-01,Landscape.Lab!,CC BY-NC-ND 4.0,Thomas Schauppenlehner
gr-shrub-02,Landscape.Lab!,CC BY-NC-ND 4.0,Thomas Schauppenlehner
gr-shrub-03,Landscape.Lab!,CC BY-NC-ND 4.0,Thomas Schauppenlehner
gr-shrub-04,Landscape.Lab!,CC BY-NC-ND 4.0,Thomas Schauppenlehner
shrub-x01,https://freecutout.com/,Free to use (https://freecutout.com/terms/),freecutout.com
shrub-x02,https://freecutout.com/,Free to use (https://freecutout.com/terms/),freecutout.com
rosa-01,Landscape.Lab!,CC BY-NC-ND 4.0,Thomas Schauppenlehner
rosa-02,Landscape.Lab!,CC BY-NC-ND 4.0,Thomas Schauppenlehner
rubus-01,Landscape.Lab!,CC BY-NC-ND 4.0,Thomas Schauppenlehner
rubus-02,Landscape.Lab!,CC BY-NC-ND 4.0,Thomas Schauppenlehner
rubus-03,Landscape.Lab!,CC BY-NC-ND 4.0,Thomas Schauppenlehner
rubus-04,Landscape.Lab!,CC BY-NC-ND 4.0,Thomas Schauppenlehner
rubus-05,Landscape.Lab!,CC BY-NC-ND 4.0,Thomas Schauppenlehner
rubus-06,Landscape.Lab!,CC BY-NC-ND 4.0,Thomas Schauppenlehner
rubus-07,Landscape.Lab!,CC BY-NC-ND 4.0,Thomas Schauppenlehner
hordeum-vulgare-01,Landscape.Lab!,CC BY-NC-ND 4.0,Thomas Schauppenlehner
hordeum-vulgare-02,Landscape.Lab!,CC BY-NC-ND 4.0,Thomas Schauppenlehner
hordeum-vulgare-03,Landscape.Lab!,CC BY-NC-ND 4.0,Thomas Schauppenlehner
hordeum-vulgare-04,Landscape.Lab!,CC BY-NC-ND 4.0,Thomas Schauppenlehner
hordeum-vulgare-05,Landscape.Lab!,CC BY-NC-ND 4.0,Thomas Schauppenlehner
hordeum-vulgare-06,Landscape.Lab!,CC BY-NC-ND 4.0,Thomas Schauppenlehner
hordeum-vulgare-07,Landscape.Lab!,CC BY-NC-ND 4.0,Thomas Schauppenlehner
hordeum-vulgare-08,Landscape.Lab!,CC BY-NC-ND 4.0,Thomas Schauppenlehner
hordeum-vulgare-09,Landscape.Lab!,CC BY-NC-ND 4.0,Thomas Schauppenlehner
hordeum-vulgare-10,Landscape.Lab!,CC BY-NC-ND 4.0,Thomas Schauppenlehner
hordeum-vulgare-11,Landscape.Lab!,CC BY-NC-ND 4.0,Thomas Schauppenlehner
hordeum-vulgare-12,Landscape.Lab!,CC BY-NC-ND 4.0,Thomas Schauppenlehner
hordeum-vulgare-13,Landscape.Lab!,CC BY-NC-ND 4.0,Thomas Schauppenlehner
hordeum-vulgare-14,Landscape.Lab!,CC BY-NC-ND 4.0,Thomas Schauppenlehner
hordeum-vulgare-15,Landscape.Lab!,CC BY-NC-ND 4.0,Thomas Schauppenlehner
hordeum-vulgare-16,Landscape.Lab!,CC BY-NC-ND 4.0,Thomas Schauppenlehner
hordeum-vulgare-17,Landscape.Lab!,CC BY-NC-ND 4.0,Thomas Schauppenlehner
hordeum-vulgare-18,Landscape.Lab!,CC BY-NC-ND 4.0,Thomas Schauppenlehner
hordeum-vulgare-19,Landscape.Lab!,CC BY-NC-ND 4.0,Thomas Schauppenlehner
hordeum-vulgare-20,Landscape.Lab!,CC BY-NC-ND 4.0,Thomas Schauppenlehner
hordeum-vulgare-21,Landscape.Lab!,CC BY-NC-ND 4.0,Thomas Schauppenlehner
hordeum-vulgare-22,Landscape.Lab!,CC BY-NC-ND 4.0,Thomas Schauppenlehner
hordeum-vulgare-23,Landscape.Lab!,CC BY-NC-ND 4.0,Thomas Schauppenlehner
hordeum-vulgare-24,Landscape.Lab!,CC BY-NC-ND 4.0,Thomas Schauppenlehner
beta-vulgaris-01,Landscape.Lab!,CC BY-NC-ND 4.0,Thomas Schauppenlehner
beta-vulgaris-02,Landscape.Lab!,CC BY-NC-ND 4.0,Thomas Schauppenlehner
beta-vulgaris-03,Landscape.Lab!,CC BY-NC-ND 4.0,Thomas Schauppenlehner
secale-cereale-01,Landscape.Lab!,CC BY-NC-ND 4.0,Thomas Schauppenlehner
secale-cereale-02,Landscape.Lab!,CC BY-NC-ND 4.0,Thomas Schauppenlehner
avena-sativa-01,Landscape.Lab!,CC BY-NC-ND 4.0,Thomas Schauppenlehner
avena-sativa-02,Landscape.Lab!,CC BY-NC-ND 4.0,Thomas Schauppenlehner
avena-sativa-03,Landscape.Lab!,CC BY-NC-ND 4.0,Thomas Schauppenlehner
avena-sativa-04,Landscape.Lab!,CC BY-NC-ND 4.0,Thomas Schauppenlehner
avena-sativa-05,Landscape.Lab!,CC BY-NC-ND 4.0,Thomas Schauppenlehner
avena-sativa-06,Landscape.Lab!,CC BY-NC-ND 4.0,Thomas Schauppenlehner
solanum-tuberosum-01,Landscape.Lab!,CC BY-NC-ND 4.0,Thomas Schauppenlehner
helianthus-annuus-01,Landscape.Lab!,CC BY-NC-ND 4.0,Thomas Schauppenlehner
helianthus-annuus-02,Landscape.Lab!,CC BY-NC-ND 4.0,Thomas Schauppenlehner
helianthus-annuus-03,Landscape.Lab!,CC BY-NC-ND 4.0,Thomas Schauppenlehner
helianthus-annuus-04,Landscape.Lab!,CC BY-NC-ND 4.0,Thomas Schauppenlehner
helianthus-annuus-05,Landscape.Lab!,CC BY-NC-ND 4.0,Thomas Schauppenlehner
helianthus-annuus-06,Landscape.Lab!,CC BY-NC-ND 4.0,Thomas Schauppenlehner
helianthus-annuus-07,Landscape.Lab!,CC BY-NC-ND 4.0,Thomas Schauppenlehner
helianthus-tuberosus-01,Landscape.Lab!,CC BY-NC-ND 4.0,Thomas Schauppenlehner
helianthus-tuberosus-02,Landscape.Lab!,CC BY-NC-ND 4.0,Thomas Schauppenlehner
helianthus-tuberosus-03,Landscape.Lab!,CC BY-NC-ND 4.0,Thomas Schauppenlehner
helianthus-tuberosus-04,Landscape.Lab!,CC BY-NC-ND 4.0,Thomas Schauppenlehner
cereal-01,Landscape.Lab!,CC BY-NC-ND 4.0,Thomas Schauppenlehner
cereal-02,Landscape.Lab!,CC BY-NC-ND 4.0,Thomas Schauppenlehner
cereal-03,Landscape.Lab!,CC BY-NC-ND 4.0,Thomas Schauppenlehner
cereal-04,Landscape.Lab!,CC BY-NC-ND 4.0,Thomas Schauppenlehner
cereal-05,Landscape.Lab!,CC BY-NC-ND 4.0,Thomas Schauppenlehner
cereal-06,Landscape.Lab!,CC BY-NC-ND 4.0,Thomas Schauppenlehner
cereal-07,Landscape.Lab!,CC BY-NC-ND 4.0,Thomas Schauppenlehner
cereal-08,Landscape.Lab!,CC BY-NC-ND 4.0,Thomas Schauppenlehner
cereal-09,Landscape.Lab!,CC BY-NC-ND 4.0,Thomas Schauppenlehner
panicum-01,Landscape.Lab!,CC BY-NC-ND 4.0,Thomas Schauppenlehner
panicum-02,Landscape.Lab!,CC BY-NC-ND 4.0,Thomas Schauppenlehner
panicum-03,Landscape.Lab!,CC BY-NC-ND 4.0,Thomas Schauppenlehner
vicia-fabia-01,Landscape.Lab!,CC BY-NC-ND 4.0,Thomas Schauppenlehner
vicia-fabia-02,Landscape.Lab!,CC BY-NC-ND 4.0,Thomas Schauppenlehner
vicia-fabia-03,Landscape.Lab!,CC BY-NC-ND 4.0,Thomas Schauppenlehner
vicia-fabia-04,Landscape.Lab!,CC BY-NC-ND 4.0,Thomas Schauppenlehner
vicia-fabia-05,Landscape.Lab!,CC BY-NC-ND 4.0,Thomas Schauppenlehner
fagopyrum-esculentum-01,Landscape.Lab!,CC BY-NC-ND 4.0,Thomas Schauppenlehner
fagopyrum-esculentum-02,Landscape.Lab!,CC BY-NC-ND 4.0,Thomas Schauppenlehner
fagopyrum-esculentum-03,Landscape.Lab!,CC BY-NC-ND 4.0,Thomas Schauppenlehner
fagopyrum-esculentum-04,Landscape.Lab!,CC BY-NC-ND 4.0,Thomas Schauppenlehner
fagopyrum-esculentum-05,Landscape.Lab!,CC BY-NC-ND 4.0,Thomas Schauppenlehner
fagopyrum-esculentum-06,Landscape.Lab!,CC BY-NC-ND 4.0,Thomas Schauppenlehner
fagopyrum-esculentum-07,Landscape.Lab!,CC BY-NC-ND 4.0,Thomas Schauppenlehner
fragaria-01,Landscape.Lab!,CC BY-NC-ND 4.0,Thomas Schauppenlehner
fragaria-02,Landscape.Lab!,CC BY-NC-ND 4.0,Thomas Schauppenlehner
fragaria-03,Landscape.Lab!,CC BY-NC-ND 4.0,Thomas Schauppenlehner
fragaria-04,Landscape.Lab!,CC BY-NC-ND 4.0,Thomas Schauppenlehner
hypericum-perforatum-01,Landscape.Lab!,CC BY-NC-ND 4.0,Thomas Schauppenlehner
hypericum-perforatum-02,Landscape.Lab!,CC BY-NC-ND 4.0,Thomas Schauppenlehner
hypericum-perforatum-03,Landscape.Lab!,CC BY-NC-ND 4.0,Thomas Schauppenlehner
hypericum-perforatum-04,Landscape.Lab!,CC BY-NC-ND 4.0,Thomas Schauppenlehner
hypericum-perforatum-05,Landscape.Lab!,CC BY-NC-ND 4.0,Thomas Schauppenlehner
hypericum-perforatum-06,Landscape.Lab!,CC BY-NC-ND 4.0,Thomas Schauppenlehner
hypericum-perforatum-07,Landscape.Lab!,CC BY-NC-ND 4.0,Thomas Schauppenlehner
hypericum-perforatum-08,Landscape.Lab!,CC BY-NC-ND 4.0,Thomas Schauppenlehner
hypericum-perforatum-09,Landscape.Lab!,CC BY-NC-ND 4.0,Thomas Schauppenlehner
weed-01,Landscape.Lab!,CC BY-NC-ND 4.0,Thomas Schauppenlehner
weed-02,Landscape.Lab!,CC BY-NC-ND 4.0,Thomas Schauppenlehner
anthemis-01,Landscape.Lab!,CC BY-NC-ND 4.0,Thomas Schauppenlehner
anthemis-02,Landscape.Lab!,CC BY-NC-ND 4.0,Thomas Schauppenlehner
anthemis-03,Landscape.Lab!,CC BY-NC-ND 4.0,Thomas Schauppenlehner
arrhenatherum-elatius-01,Landscape.Lab!,CC BY-NC-ND 4.0,Thomas Schauppenlehner
arrhenatherum-elatius-02,Landscape.Lab!,CC BY-NC-ND 4.0,Thomas Schauppenlehner
arrhenatherum-elatius-03,Landscape.Lab!,CC BY-NC-ND 4.0,Thomas Schauppenlehner
arrhenatherum-elatius-04,Landscape.Lab!,CC BY-NC-ND 4.0,Thomas Schauppenlehner
arrhenatherum-elatius-05,Landscape.Lab!,CC BY-NC-ND 4.0,Thomas Schauppenlehner
artemisia-vulgaris-01,Landscape.Lab!,CC BY-NC-ND 4.0,Thomas Schauppenlehner
artemisia-vulgaris-02,Landscape.Lab!,CC BY-NC-ND 4.0,Thomas Schauppenlehner
artemisia-vulgaris-03,Landscape.Lab!,CC BY-NC-ND 4.0,Thomas Schauppenlehner
artemisia-vulgaris-04,Landscape.Lab!,CC BY-NC-ND 4.0,Thomas Schauppenlehner
gr-artemisia-vulgaris-05,Landscape.Lab!,CC BY-NC-ND 4.0,Thomas Schauppenlehner
helleborus-niger-01,Landscape.Lab!,CC BY-NC-ND 4.0,Thomas Schauppenlehner
sinapis-01,Landscape.Lab!,CC BY-NC-ND 4.0,Thomas Schauppenlehner
sinapis-02,Landscape.Lab!,CC BY-NC-ND 4.0,Thomas Schauppenlehner
sinapis-03,Landscape.Lab!,CC BY-NC-ND 4.0,Thomas Schauppenlehner
sinapis-04,Landscape.Lab!,CC BY-NC-ND 4.0,Thomas Schauppenlehner
bromus-01,Landscape.Lab!,CC BY-NC-ND 4.0,Thomas Schauppenlehner
bromus-02,Landscape.Lab!,CC BY-NC-ND 4.0,Thomas Schauppenlehner
bromus-03,Landscape.Lab!,CC BY-NC-ND 4.0,Thomas Schauppenlehner
bromus-04,Landscape.Lab!,CC BY-NC-ND 4.0,Thomas Schauppenlehner
bromus-05,Landscape.Lab!,CC BY-NC-ND 4.0,Thomas Schauppenlehner
gr-poa-01,Landscape.Lab!,CC BY-NC-ND 4.0,Thomas Schauppenlehner
gr-poa-02,Landscape.Lab!,CC BY-NC-ND 4.0,Thomas Schauppenlehner
cannabis-indica-01,Landscape.Lab!,CC BY-NC-ND 4.0,Thomas Schauppenlehner
cannabis-indica-02,Landscape.Lab!,CC BY-NC-ND 4.0,Thomas Schauppenlehner
centaurea-01,Landscape.Lab!,CC BY-NC-ND 4.0,Thomas Schauppenlehner
centaurea-02,Landscape.Lab!,CC BY-NC-ND 4.0,Thomas Schauppenlehner
centaurea-03,Landscape.Lab!,CC BY-NC-ND 4.0,Thomas Schauppenlehner
echinacea-01,Landscape.Lab!,CC BY-NC-ND 4.0,Thomas Schauppenlehner
echinacea-02,Landscape.Lab!,CC BY-NC-ND 4.0,Thomas Schauppenlehner
gr-echinacea-03,Landscape.Lab!,CC BY-NC-ND 4.0,Thomas Schauppenlehner
gr-malva-01,Landscape.Lab!,CC BY-NC-ND 4.0,Thomas Schauppenlehner
chenopodium-album-01,Landscape.Lab!,CC BY-NC-ND 4.0,Thomas Schauppenlehner
cirsium-arvense-01,Landscape.Lab!,CC BY-NC-ND 4.0,Thomas Schauppenlehner
cirsium-arvense-02,Landscape.Lab!,CC BY-NC-ND 4.0,Thomas Schauppenlehner
cirsium-arvense-03,Landscape.Lab!,CC BY-NC-ND 4.0,Thomas Schauppenlehner
trifolium-01,Landscape.Lab!,CC BY-NC-ND 4.0,Thomas Schauppenlehner
trifolium-02,Landscape.Lab!,CC BY-NC-ND 4.0,Thomas Schauppenlehner
trifolium-03,Landscape.Lab!,CC BY-NC-ND 4.0,Thomas Schauppenlehner
trifolium-04,Landscape.Lab!,CC BY-NC-ND 4.0,Thomas Schauppenlehner
trifolium-05,Landscape.Lab!,CC BY-NC-ND 4.0,Thomas Schauppenlehner
trifolium-06,Landscape.Lab!,CC BY-NC-ND 4.0,Thomas Schauppenlehner
trifolium-07,Landscape.Lab!,CC BY-NC-ND 4.0,Thomas Schauppenlehner
trifolium-08,Landscape.Lab!,CC BY-NC-ND 4.0,Thomas Schauppenlehner
trifolium-09,Landscape.Lab!,CC BY-NC-ND 4.0,Thomas Schauppenlehner
trifolium-10,Landscape.Lab!,CC BY-NC-ND 4.0,Thomas Schauppenlehner
zea-01,Landscape.Lab!,CC BY-NC-ND 4.0,Thomas Schauppenlehner
zea-02,Landscape.Lab!,CC BY-NC-ND 4.0,Thomas Schauppenlehner
zea-03,Landscape.Lab!,CC BY-NC-ND 4.0,Thomas Schauppenlehner
zea-04,Landscape.Lab!,CC BY-NC-ND 4.0,Thomas Schauppenlehner
zea-05,Landscape.Lab!,CC BY-NC-ND 4.0,Thomas Schauppenlehner
gr-zea-06,Landscape.Lab!,CC BY-NC-ND 4.0,Thomas Schauppenlehner
zea-07,Landscape.Lab!,CC BY-NC-ND 4.0,Thomas Schauppenlehner
zea-08,Landscape.Lab!,CC BY-NC-ND 4.0,Thomas Schauppenlehner
cucurbita-01,Landscape.Lab!,CC BY-NC-ND 4.0,Thomas Schauppenlehner
cucurbita-02,Landscape.Lab!,CC BY-NC-ND 4.0,Thomas Schauppenlehner
cucurbita-03,Landscape.Lab!,CC BY-NC-ND 4.0,Thomas Schauppenlehner
cucurbita-04,Landscape.Lab!,CC BY-NC-ND 4.0,Thomas Schauppenlehner
dactylis-glomerata-01,Landscape.Lab!,CC BY-NC-ND 4.0,Thomas Schauppenlehner
dactylis-glomerata-02,Landscape.Lab!,CC BY-NC-ND 4.0,Thomas Schauppenlehner
dactylis-glomerata-03,Landscape.Lab!,CC BY-NC-ND 4.0,Thomas Schauppenlehner
dactylis-glomerata-04,Landscape.Lab!,CC BY-NC-ND 4.0,Thomas Schauppenlehner
dactylis-glomerata-05,Landscape.Lab!,CC BY-NC-ND 4.0,Thomas Schauppenlehner
dactylis-glomerata-06,Landscape.Lab!,CC BY-NC-ND 4.0,Thomas Schauppenlehner
dactylis-glomerata-07,Landscape.Lab!,CC BY-NC-ND 4.0,Thomas Schauppenlehner
echium-vulgare-01,Landscape.Lab!,CC BY-NC-ND 4.0,Thomas Schauppenlehner
echium-vulgare-02,Landscape.Lab!,CC BY-NC-ND 4.0,Thomas Schauppenlehner
echium-vulgare-03,Landscape.Lab!,CC BY-NC-ND 4.0,Thomas Schauppenlehner
echium-vulgare-04,Landscape.Lab!,CC BY-NC-ND 4.0,Thomas Schauppenlehner
triticum-dicoccum-01,Landscape.Lab!,CC BY-NC-ND 4.0,Thomas Schauppenlehner
triticum-dicoccum-02,Landscape.Lab!,CC BY-NC-ND 4.0,Thomas Schauppenlehner
triticum-dicoccum-03,Landscape.Lab!,CC BY-NC-ND 4.0,Thomas Schauppenlehner
erigeron-01,Landscape.Lab!,CC BY-NC-ND 4.0,Thomas Schauppenlehner
erigeron-02,Landscape.Lab!,CC BY-NC-ND 4.0,Thomas Schauppenlehner
fieldflower-01,Landscape.Lab!,CC BY-NC-ND 4.0,Thomas Schauppenlehner
fieldflower-02,Landscape.Lab!,CC BY-NC-ND 4.0,Thomas Schauppenlehner
fieldflower-03,Landscape.Lab!,CC BY-NC-ND 4.0,Thomas Schauppenlehner
fieldflower-05,Landscape.Lab!,CC BY-NC-ND 4.0,Thomas Schauppenlehner
fieldflower-06,Landscape.Lab!,CC BY-NC-ND 4.0,Thomas Schauppenlehner
pestasites-officinalis-01,Landscape.Lab!,CC BY-NC-ND 4.0,Thomas Schauppenlehner
fabaceae-01,Landscape.Lab!,CC BY-NC-ND 4.0,Thomas Schauppenlehner
fabaceae-02,Landscape.Lab!,CC BY-NC-ND 4.0,Thomas Schauppenlehner
leucanthemum-01,Landscape.Lab!,CC BY-NC-ND 4.0,Thomas Schauppenlehner
leymus-arenarius-01,Landscape.Lab!,CC BY-NC-ND 4.0,Thomas Schauppenlehner
leymus-arenarius-02,Landscape.Lab!,CC BY-NC-ND 4.0,Thomas Schauppenlehner
leymus-arenarius-03,Landscape.Lab!,CC BY-NC-ND 4.0,Thomas Schauppenlehner
lobelia-erinus-01,Landscape.Lab!,CC BY-NC-ND 4.0,Thomas Schauppenlehner
lolium-perenne-01,Landscape.Lab!,CC BY-NC-ND 4.0,Thomas Schauppenlehner
lolium-perenne-02,Landscape.Lab!,CC BY-NC-ND 4.0,Thomas Schauppenlehner
lolium-perenne-03,Landscape.Lab!,CC BY-NC-ND 4.0,Thomas Schauppenlehner
lolium-perenne-04,Landscape.Lab!,CC BY-NC-ND 4.0,Thomas Schauppenlehner
alopecurus-pratensis-01,Landscape.Lab!,CC BY-NC-ND 4.0,Thomas Schauppenlehner
lotus-corniculatus-01,Landscape.Lab!,CC BY-NC-ND 4.0,Thomas Schauppenlehner
lotus-corniculatus-02,Landscape.Lab!,CC BY-NC-ND 4.0,Thomas Schauppenlehner
medicago-sativa-01,Landscape.Lab!,CC BY-NC-ND 4.0,Thomas Schauppenlehner
medicago-sativa-02,Landscape.Lab!,CC BY-NC-ND 4.0,Thomas Schauppenlehner
malva-sylvestris-01,Landscape.Lab!,CC BY-NC-ND 4.0,Thomas Schauppenlehner
malva-sylvestris-02,Landscape.Lab!,CC BY-NC-ND 4.0,Thomas Schauppenlehner
miscanthus-01,Landscape.Lab!,CC BY-NC-ND 4.0,Thomas Schauppenlehner
miscanthus-02,Landscape.Lab!,CC BY-NC-ND 4.0,Thomas Schauppenlehner
miscanthus-03,Landscape.Lab!,CC BY-NC-ND 4.0,Thomas Schauppenlehner
allium-cepa-01,Landscape.Lab!,CC BY-NC-ND 4.0,Thomas Schauppenlehner
allium-cepa-02,Landscape.Lab!,CC BY-NC-ND 4.0,Thomas Schauppenlehner
allium-cepa-03,Landscape.Lab!,CC BY-NC-ND 4.0,Thomas Schauppenlehner
gr-allium-ursinum-01,Landscape.Lab!,CC BY-NC-ND 4.0,Thomas Schauppenlehner
gr-allium-ursinum-02,Landscape.Lab!,CC BY-NC-ND 4.0,Thomas Schauppenlehner
onopordum-01,Landscape.Lab!,CC BY-NC-ND 4.0,Thomas Schauppenlehner
papaver-01,Landscape.Lab!,CC BY-NC-ND 4.0,Thomas Schauppenlehner
papaver-02,Landscape.Lab!,CC BY-NC-ND 4.0,Thomas Schauppenlehner
papaver-03,Landscape.Lab!,CC BY-NC-ND 4.0,Thomas Schauppenlehner
papaver-04,Landscape.Lab!,CC BY-NC-ND 4.0,Thomas Schauppenlehner
papaver-05,Landscape.Lab!,CC BY-NC-ND 4.0,Thomas Schauppenlehner
papaver-06,Landscape.Lab!,CC BY-NC-ND 4.0,Thomas Schauppenlehner
petroselinum-01,Landscape.Lab!,CC BY-NC-ND 4.0,Thomas Schauppenlehner
petroselinum-02,Landscape.Lab!,CC BY-NC-ND 4.0,Thomas Schauppenlehner
pisum-sativum-01,Landscape.Lab!,CC BY-NC-ND 4.0,Thomas Schauppenlehner
pisum-sativum-02,Landscape.Lab!,CC BY-NC-ND 4.0,Thomas Schauppenlehner
pisum-sativum-03,Landscape.Lab!,CC BY-NC-ND 4.0,Thomas Schauppenlehner
pisum-sativum-04,Landscape.Lab!,CC BY-NC-ND 4.0,Thomas Schauppenlehner
plantago-lanceolata-01,Landscape.Lab!,CC BY-NC-ND 4.0,Thomas Schauppenlehner
plantago-lanceolata-02,Landscape.Lab!,CC BY-NC-ND 4.0,Thomas Schauppenlehner
plantago-lanceolata-03,Landscape.Lab!,CC BY-NC-ND 4.0,Thomas Schauppenlehner
plantago-lanceolata-04,Landscape.Lab!,CC BY-NC-ND 4.0,Thomas Schauppenlehner
plantago-lanceolata-05,Landscape.Lab!,CC BY-NC-ND 4.0,Thomas Schauppenlehner
brassica-napus-01,Landscape.Lab!,CC BY-NC-ND 4.0,Thomas Schauppenlehner
brassica-napus-02,Landscape.Lab!,CC BY-NC-ND 4.0,Thomas Schauppenlehner
rumex-01,Landscape.Lab!,CC BY-NC-ND 4.0,Thomas Schauppenlehner
rumex-02,Landscape.Lab!,CC BY-NC-ND 4.0,Thomas Schauppenlehner
rumex-03,Landscape.Lab!,CC BY-NC-ND 4.0,Thomas Schauppenlehner
rumex-04,Landscape.Lab!,CC BY-NC-ND 4.0,Thomas Schauppenlehner
rumex-05,Landscape.Lab!,CC BY-NC-ND 4.0,Thomas Schauppenlehner
lactuca-sativa-01,Landscape.Lab!,CC BY-NC-ND 4.0,Thomas Schauppenlehner
lactuca-sativa-02,Landscape.Lab!,CC BY-NC-ND 4.0,Thomas Schauppenlehner
glycine-max-01,Landscape.Lab!,CC BY-NC-ND 4.0,Thomas Schauppenlehner
glycine-max-02,Landscape.Lab!,CC BY-NC-ND 4.0,Thomas Schauppenlehner
glycine-max-03,Landscape.Lab!,CC BY-NC-ND 4.0,Thomas Schauppenlehner
taraxacum-ruderalia-01,Landscape.Lab!,CC BY-NC-ND 4.0,Thomas Schauppenlehner
taraxacum-ruderalia-02,Landscape.Lab!,CC BY-NC-ND 4.0,Thomas Schauppenlehner
taraxacum-ruderalia-03,Landscape.Lab!,CC BY-NC-ND 4.0,Thomas Schauppenlehner
taraxacum-ruderalia-04,Landscape.Lab!,CC BY-NC-ND 4.0,Thomas Schauppenlehner
taraxacum-ruderalia-05,Landscape.Lab!,CC BY-NC-ND 4.0,Thomas Schauppenlehner
taraxacum-ruderalia-06,Landscape.Lab!,CC BY-NC-ND 4.0,Thomas Schauppenlehner
taraxacum-ruderalia-07,Landscape.Lab!,CC BY-NC-ND 4.0,Thomas Schauppenlehner
taraxacum-ruderalia-08,Landscape.Lab!,CC BY-NC-ND 4.0,Thomas Schauppenlehner
crespis-01,Landscape.Lab!,CC BY-NC-ND 4.0,Thomas Schauppenlehner
trisetum-flavescens-01,Landscape.Lab!,CC BY-NC-ND 4.0,Thomas Schauppenlehner
trisetum-flavescens-02,Landscape.Lab!,CC BY-NC-ND 4.0,Thomas Schauppenlehner
trisetum-flavescens-03,Landscape.Lab!,CC BY-NC-ND 4.0,Thomas Schauppenlehner
triticale-01,Landscape.Lab!,CC BY-NC-ND 4.0,Thomas Schauppenlehner
triticale-02,Landscape.Lab!,CC BY-NC-ND 4.0,Thomas Schauppenlehner
triticale-03,Landscape.Lab!,CC BY-NC-ND 4.0,Thomas Schauppenlehner
urtica-dioica-01,Landscape.Lab!,CC BY-NC-ND 4.0,Thomas Schauppenlehner
vitis-vinifera-01,Landscape.Lab!,CC BY-NC-ND 4.0,Thomas Schauppenlehner
vitis-vinifera-02,Landscape.Lab!,CC BY-NC-ND 4.0,Thomas Schauppenlehner
vitis-vinifera-03,Landscape.Lab!,CC BY-NC-ND 4.0,Thomas Schauppenlehner
vitis-vinifera-04,Landscape.Lab!,CC BY-NC-ND 4.0,Thomas Schauppenlehner
vitis-vinifera-05,Landscape.Lab!,CC BY-NC-ND 4.0,Thomas Schauppenlehner
triticum-01,Landscape.Lab!,CC BY-NC-ND 4.0,Thomas Schauppenlehner
triticum-02,Landscape.Lab!,CC BY-NC-ND 4.0,Thomas Schauppenlehner
triticum-03,Landscape.Lab!,CC BY-NC-ND 4.0,Thomas Schauppenlehner
triticum-04,Landscape.Lab!,CC BY-NC-ND 4.0,Thomas Schauppenlehner
salvia-pratensis-01,Landscape.Lab!,CC BY-NC-ND 4.0,Thomas Schauppenlehner
salvia-pratensis-02,Landscape.Lab!,CC BY-NC-ND 4.0,Thomas Schauppenlehner
salvia-pratensis-03,Landscape.Lab!,CC BY-NC-ND 4.0,Thomas Schauppenlehner
salvia-pratensis-04,Landscape.Lab!,CC BY-NC-ND 4.0,Thomas Schauppenlehner
salvia-pratensis-05,Landscape.Lab!,CC BY-NC-ND 4.0,Thomas Schauppenlehner
salvia-pratensis-06,Landscape.Lab!,CC BY-NC-ND 4.0,Thomas Schauppenlehner
salvia-pratensis-07,Landscape.Lab!,CC BY-NC-ND 4.0,Thomas Schauppenlehner
consolida-01,Landscape.Lab!,CC BY-NC-ND 4.0,Thomas Schauppenlehner
thlaspi-01,Landscape.Lab!,CC BY-NC-ND 4.0,Thomas Schauppenlehner
cichorium-intybus-01,Landscape.Lab!,CC BY-NC-ND 4.0,Thomas Schauppenlehner
achillea-millefolium-01,Landscape.Lab!,CC BY-NC-ND 4.0,Thomas Schauppenlehner
achillea-millefolium-02,Landscape.Lab!,CC BY-NC-ND 4.0,Thomas Schauppenlehner
achillea-millefolium-03,Landscape.Lab!,CC BY-NC-ND 4.0,Thomas Schauppenlehner
achillea-millefolium-04,Landscape.Lab!,CC BY-NC-ND 4.0,Thomas Schauppenlehner
gr-achillea-millefolium-05,Landscape.Lab!,CC BY-NC-ND 4.0,Thomas Schauppenlehner
achillea-millefolium-06,Landscape.Lab!,CC BY-NC-ND 4.0,Thomas Schauppenlehner
achillea-millefolium-07,Landscape.Lab!,CC BY-NC-ND 4.0,Thomas Schauppenlehner
solidago-01,Landscape.Lab!,CC BY-NC-ND 4.0,Thomas Schauppenlehner
solidago-02,Landscape.Lab!,CC BY-NC-ND 4.0,Thomas Schauppenlehner
solidago-03,Landscape.Lab!,CC BY-NC-ND 4.0,Thomas Schauppenlehner
carex-01,Landscape.Lab!,CC BY-NC-ND 4.0,Thomas Schauppenlehner
carex-02,Landscape.Lab!,CC BY-NC-ND 4.0,Thomas Schauppenlehner
carex-03,Landscape.Lab!,CC BY-NC-ND 4.0,Thomas Schauppenlehner
carex-04,Landscape.Lab!,CC BY-NC-ND 4.0,Thomas Schauppenlehner
arctium-lappa-01,Landscape.Lab!,CC BY-NC-ND 4.0,Thomas Schauppenlehner
arctium-lappa-02,Landscape.Lab!,CC BY-NC-ND 4.0,Thomas Schauppenlehner
chaerophyllum-01,Landscape.Lab!,CC BY-NC-ND 4.0,Thomas Schauppenlehner
heracleum-01,Landscape.Lab!,CC BY-NC-ND 4.0,Thomas Schauppenlehner
wilted-plant-01,Landscape.Lab!,CC BY-NC-ND 4.0,Thomas Schauppenlehner
wilted-plant-02,Landscape.Lab!,CC BY-NC-ND 4.0,Thomas Schauppenlehner
wilted-plant-03,Landscape.Lab!,CC BY-NC-ND 4.0,Thomas Schauppenlehner
wilted-plant-04,Landscape.Lab!,CC BY-NC-ND 4.0,Thomas Schauppenlehner
wilted-plant-05,Landscape.Lab!,CC BY-NC-ND 4.0,Thomas Schauppenlehner
wilted-plant-06,Landscape.Lab!,CC BY-NC-ND 4.0,Thomas Schauppenlehner
wilted-plant-07,Landscape.Lab!,CC BY-NC-ND 4.0,Thomas Schauppenlehner
wilted-plant-08,Landscape.Lab!,CC BY-NC-ND 4.0,Thomas Schauppenlehner
wilted-plant-09,Landscape.Lab!,CC BY-NC-ND 4.0,Thomas Schauppenlehner
wilted-plant-10,Landscape.Lab!,CC BY-NC-ND 4.0,Thomas Schauppenlehner
wilted-plant-11,Landscape.Lab!,CC BY-NC-ND 4.0,Thomas Schauppenlehner
wilted-plant-12,Landscape.Lab!,CC BY-NC-ND 4.0,Thomas Schauppenlehner
wilted-plant-13,Landscape.Lab!,CC BY-NC-ND 4.0,Thomas Schauppenlehner
wilted-plant-14,Landscape.Lab!,CC BY-NC-ND 4.0,Thomas Schauppenlehner
wilted-plant-15,Landscape.Lab!,CC BY-NC-ND 4.0,Thomas Schauppenlehner
wilted-plant-16,Landscape.Lab!,CC BY-NC-ND 4.0,Thomas Schauppenlehner
wilted-plant-17,Landscape.Lab!,CC BY-NC-ND 4.0,Thomas Schauppenlehner
wilted-plant-18,Landscape.Lab!,CC BY-NC-ND 4.0,Thomas Schauppenlehner
wilted-plant-19,Landscape.Lab!,CC BY-NC-ND 4.0,Thomas Schauppenlehner
wilted-plant-20,Landscape.Lab!,CC BY-NC-ND 4.0,Thomas Schauppenlehner
wilted-plant-21,Landscape.Lab!,CC BY-NC-ND 4.0,Thomas Schauppenlehner
wilted-plant-22,Landscape.Lab!,CC BY-NC-ND 4.0,Thomas Schauppenlehner
gr-wilted-plant-23,Landscape.Lab!,CC BY-NC-ND 4.0,Thomas Schauppenlehner
gr-linum-usitatissimum-01,Landscape.Lab!,CC BY-NC-ND 4.0,Thomas Schauppenlehner
linum-usitatissimum-02,Landscape.Lab!,CC BY-NC-ND 4.0,Thomas Schauppenlehner
gr-fertilitymeadow-01,Landscape.Lab!,CC BY-NC-ND 4.0,Thomas Schauppenlehner
gr-fertilitymeadow-02,Landscape.Lab!,CC BY-NC-ND 4.0,Thomas Schauppenlehner
gr-meadow-01,Landscape.Lab!,CC BY-NC-ND 4.0,Thomas Schauppenlehner
gr-meadow-02,Landscape.Lab!,CC BY-NC-ND 4.0,Thomas Schauppenlehner
gr-meadow-03,Landscape.Lab!,CC BY-NC-ND 4.0,Thomas Schauppenlehner
gr-meadow-04,Landscape.Lab!,CC BY-NC-ND 4.0,Thomas Schauppenlehner
gr-meadow-05,Landscape.Lab!,CC BY-NC-ND 4.0,Thomas Schauppenlehner
gr-meadow-06,Landscape.Lab!,CC BY-NC-ND 4.0,Thomas Schauppenlehner
gr-meadow-07,Landscape.Lab!,CC BY-NC-ND 4.0,Thomas Schauppenlehner
gr-meadow-08,Landscape.Lab!,CC BY-NC-ND 4.0,Thomas Schauppenlehner
gr-meadow-09,Landscape.Lab!,CC BY-NC-ND 4.0,Thomas Schauppenlehner
gr-meadow-10,Landscape.Lab!,CC BY-NC-ND 4.0,Thomas Schauppenlehner
gr-meadow-11,Landscape.Lab!,CC BY-NC-ND 4.0,Thomas Schauppenlehner
gr-meadow-12,Landscape.Lab!,CC BY-NC-ND 4.0,Thomas Schauppenlehner
gr-meadow-13,Landscape.Lab!,CC BY-NC-ND 4.0,Thomas Schauppenlehner
gr-meadow-14,Landscape.Lab!,CC BY-NC-ND 4.0,Thomas Schauppenlehner
gr-meadow-15,Landscape.Lab!,CC BY-NC-ND 4.0,Thomas Schauppenlehner
gr-meadow-16,Landscape.Lab!,CC BY-NC-ND 4.0,Thomas Schauppenlehner
gr-meadow-17,Landscape.Lab!,CC BY-NC-ND 4.0,Thomas Schauppenlehner
gr-hordeum-vulgare-01,Landscape.Lab!,CC BY-NC-ND 4.0,Thomas Schauppenlehner
gr-hordeum-vulgare-02,Landscape.Lab!,CC BY-NC-ND 4.0,Thomas Schauppenlehner
gr-hordeum-vulgare-03,Landscape.Lab!,CC BY-NC-ND 4.0,Thomas Schauppenlehner
gr-trifolium-01,Landscape.Lab!,CC BY-NC-ND 4.0,Thomas Schauppenlehner
gr-brassica-napus-01,Landscape.Lab!,CC BY-NC-ND 4.0,Thomas Schauppenlehner
gr-secale-cereale-01,Landscape.Lab!,CC BY-NC-ND 4.0,Thomas Schauppenlehner
gr-avena-sativa-01,Landscape.Lab!,CC BY-NC-ND 4.0,Thomas Schauppenlehner
gr-avena-sativa-02,Landscape.Lab!,CC BY-NC-ND 4.0,Thomas Schauppenlehner
gr-avena-sativa-03,Landscape.Lab!,CC BY-NC-ND 4.0,Thomas Schauppenlehner
gr-helianthus-annuus-01,Landscape.Lab!,CC BY-NC-ND 4.0,Thomas Schauppenlehner
gr-triticum-01,Landscape.Lab!,CC BY-NC-ND 4.0,Thomas Schauppenlehner
gr-triticum-02,Landscape.Lab!,CC BY-NC-ND 4.0,Thomas Schauppenlehner
gr-triticum-03,Landscape.Lab!,CC BY-NC-ND 4.0,Thomas Schauppenlehner
gr-triticum-04,Landscape.Lab!,CC BY-NC-ND 4.0,Thomas Schauppenlehner
gr-triticum-05,Landscape.Lab!,CC BY-NC-ND 4.0,Thomas Schauppenlehner
gr-triticum-dicoccum-06,Landscape.Lab!,CC BY-NC-ND 4.0,Thomas Schauppenlehner
gr-pisum-sativum-01,Landscape.Lab!,CC BY-NC-ND 4.0,Thomas Schauppenlehner
gr-pisum-sativum-02,Landscape.Lab!,CC BY-NC-ND 4.0,Thomas Schauppenlehner
gr-cereal-01,Landscape.Lab!,CC BY-NC-ND 4.0,Thomas Schauppenlehner
gr-cereal-02,Landscape.Lab!,CC BY-NC-ND 4.0,Thomas Schauppenlehner
gr-panicum-01,Landscape.Lab!,CC BY-NC-ND 4.0,Thomas Schauppenlehner
gr-fabaceae-01,Landscape.Lab!,CC BY-NC-ND 4.0,Thomas Schauppenlehner
gr-vicia-fabia-01,Landscape.Lab!,CC BY-NC-ND 4.0,Thomas Schauppenlehner
gr-lens-culinaris-01,Landscape.Lab!,CC BY-NC-ND 4.0,Thomas Schauppenlehner
gr-papaver-01,Landscape.Lab!,CC BY-NC-ND 4.0,Thomas Schauppenlehner
gr-fagopyrum-esculentum-01,Landscape.Lab!,CC BY-NC-ND 4.0,Thomas Schauppenlehner
gr-cannabis-indica-01,Landscape.Lab!,CC BY-NC-ND 4.0,Thomas Schauppenlehner
gr-sinapis-01,Landscape.Lab!,CC BY-NC-ND 4.0,Thomas Schauppenlehner
gr-miscanthus-giganteus-01,Landscape.Lab!,CC BY-NC-ND 4.0,Thomas Schauppenlehner
gr-grass-01,Landscape.Lab!,CC BY-NC-ND 4.0,Thomas Schauppenlehner
gr-humulus-01,Landscape.Lab!,CC BY-NC-ND 4.0,Thomas Schauppenlehner
gr-humulus-02,Landscape.Lab!,CC BY-NC-ND 4.0,Thomas Schauppenlehner
gr-hypericum-perforatum-01,Landscape.Lab!,CC BY-NC-ND 4.0,Thomas Schauppenlehner
amanita-phalloides-01,Landscape.Lab!,CC BY-NC-ND 4.0,Thomas Schauppenlehner
macrolepiota-procera-01,Landscape.Lab!,CC BY-NC-ND 4.0,Thomas Schauppenlehner
macrolepiota-procera-02,Landscape.Lab!,CC BY-NC-ND 4.0,Thomas Schauppenlehner
macrolepiota-procera-03,Landscape.Lab!,CC BY-NC-ND 4.0,Thomas Schauppenlehner
amanita-muscaria-01,Landscape.Lab!,CC BY-NC-ND 4.0,Thomas Schauppenlehner
amanita-muscaria-02,Landscape.Lab!,CC BY-NC-ND 4.0,Thomas Schauppenlehner
amanita-muscaria-03,Landscape.Lab!,CC BY-NC-ND 4.0,Thomas Schauppenlehner
fungi-01,Landscape.Lab!,CC BY-NC-ND 4.0,Thomas Schauppenlehner
fungi-02,Landscape.Lab!,CC BY-NC-ND 4.0,Thomas Schauppenlehner
fungi-03,Landscape.Lab!,CC BY-NC-ND 4.0,Thomas Schauppenlehner
gr-lawn-01,Landscape.Lab!,CC BY-NC-ND 4.0,Thomas Schauppenlehner
gr-lawn-02,Landscape.Lab!,CC BY-NC-ND 4.0,Thomas Schauppenlehner
gr-lawn-03,Landscape.Lab!,CC BY-NC-ND 4.0,Thomas Schauppenlehner
malus-11,Landscape.Lab!,CC BY-NC-ND 4.0,Thomas Schauppenlehner
malus-12,Landscape.Lab!,CC BY-NC-ND 4.0,Thomas Schauppenlehner
miscanthus-04,Landscape.Lab!,CC BY-NC-ND 4.0,Thomas Schauppenlehner
taraxacum-ruderalia-09,Landscape.Lab!,CC BY-NC-ND 4.0,Thomas Schauppenlehner
zea-09,Landscape.Lab!,CC BY-NC-ND 4.0,Thomas Schauppenlehner
brassica-napus-03,Landscape.Lab!,CC BY-NC-ND 4.0,Thomas Schauppenlehner
gr-meadow-int-01,Landscape.Lab!,CC BY-NC-ND 4.0,Thomas Schauppenlehner
gr-meadow-int-02,Landscape.Lab!,CC BY-NC-ND 4.0,Thomas Schauppenlehner
gr-meadow-int-03,Landscape.Lab!,CC BY-NC-ND 4.0,Thomas Schauppenlehner
gr-meadow-int-04,Landscape.Lab!,CC BY-NC-ND 4.0,Thomas Schauppenlehner
gr-meadow-int-05,Landscape.Lab!,CC BY-NC-ND 4.0,Thomas Schauppenlehner
